17,2025-01-07 11:56:28.093102,DELHI,4500,2025-02-02,6E202,11:30:00,BENGALURU,Booked
2,2025-01-07 15:31:52.408586,HYDERABAD,5000,2025-02-03,SG303,14:00:00,CHENNAI,Booked
353,2025-01-08 15:12:37.145828,CHENNAI,6500,2025-02-06,IAX606,15:00:00,HYDERABAD,Booked
402,2025-01-08 16:46:17.511926,BENGALURU,4800,2025-02-07,9W707,16:00:00,MUMBAI,Booked
452,2025-01-10 12:12:52.236046,HYDERABAD,6000,2025-02-03,SG303,14:00:00,CHENNAI,Booked
453,2025-01-10 13:06:13.255125,HYDERABAD,6000,2025-02-03,SG303,14:00:00,CHENNAI,Booked
454,2025-01-10 13:17:11.327977,HYDERABAD,6000,2025-02-03,SG303,14:00:00,CHENNAI,Booked
455,2025-01-10 13:20:50.517844,HYDERABAD,6000,2025-02-03,SG303,14:00:00,CHENNAI,Booked
456,2025-01-10 14:48:18.772546,CHENNAI,5000,2025-02-01,AI101,10:00:00,BENGALURU,Booked
457,2025-01-10 15:14:25.224531,CHENNAI,5000,2025-02-01,AI101,10:00:00,BENGALURU,Booked
458,2025-01-10 16:14:52.341955,BENGALURU,5500,2025-02-05,G5805,08:30:00,DELHI,Booked
502,2025-01-21 19:12:42.807165,BENGALURU,4800,2025-02-07,9W707,16:00:00,MUMBAI,Booked
602,2025-02-04 14:31:02.02221,CHENNAI,5000,2025-02-01,AI101,10:00:00,BENGALURU,Booked
603,2025-02-04 14:40:26.145849,CHENNAI,5000,2025-02-01,AI101,10:00:00,BENGALURU,Booked
652,2025-02-04 15:10:05.586311,CHENNAI,5000,2025-02-01,AI101,10:00:00,BENGALURU,Booked
653,2025-02-04 15:10:08.992092,CHENNAI,5000,2025-02-01,AI101,10:00:00,BENGALURU,Booked
654,2025-02-04 15:10:48.372675,CHENNAI,5000,2025-02-01,AI101,10:00:00,BENGALURU,Booked
655,2025-02-04 15:18:11.526972,CHENNAI,5000,2025-02-01,AI101,10:00:00,BENGALURU,Booked
702,2025-02-04 15:26:22.731372,CHENNAI,5000,2025-02-01,AI101,10:00:00,BENGALURU,Booked
703,2025-02-04 15:35:10.44774,CHENNAI,5000,2025-02-01,AI101,10:00:00,BENGALURU,Booked
704,2025-02-04 16:08:56.255719,CHENNAI,5000,2025-02-01,AI101,10:00:00,BENGALURU,Booked
705,2025-02-04 16:10:06.191304,CHENNAI,5000,2025-02-01,AI101,10:00:00,BENGALURU,Booked
706,2025-02-04 16:13:51.078091,CHENNAI,5000,2025-02-01,AI101,10:00:00,BENGALURU,Booked
707,2025-02-04 16:31:38.194556,CHENNAI,5000,2025-02-01,AI101,10:00:00,BENGALURU,Booked
708,2025-02-04 16:50:10.856223,CHENNAI,5000,2025-02-01,AI101,10:00:00,BENGALURU,Booked
752,2025-02-10 15:56:55.046619,CHENNAI,5000,2025-02-01,AI101,10:00:00,BENGALURU,Booked
753,2025-02-10 16:43:13.684199,CHENNAI,5000,2025-02-01,AI101,10:00:00,BENGALURU,Booked
802,2025-02-12 23:36:34.917614,CHENNAI,5000,2025-02-01,AI101,10:00:00,BENGALURU,Booked
803,2025-02-13 12:51:08.39932,CHENNAI,5000,2025-02-01,AI101,10:00:00,BENGALURU,Booked
804,2025-02-13 12:51:38.962729,CHENNAI,5000,2025-02-01,AI101,10:00:00,BENGALURU,Booked
805,2025-02-13 12:51:41.607028,CHENNAI,5000,2025-02-01,AI101,10:00:00,BENGALURU,Booked
852,2025-02-17 12:48:56.96786,CHENNAI,5000,2025-02-01,AI101,10:00:00,BENGALURU,Booked
853,2025-02-17 12:48:59.991462,CHENNAI,5000,2025-02-01,AI101,10:00:00,BENGALURU,Booked
902,2025-02-18 17:52:35.882625,CHENNAI,5000,2025-02-01,AI101,10:00:00,BENGALURU,Booked
952,2025-03-18 19:11:15.887893,CHENNAI,5000,2025-02-01,AI101,10:00:00,BENGALURU,Booked
953,2025-03-18 19:11:48.992824,CHENNAI,5000,2025-02-01,AI101,10:00:00,BENGALURU,Booked
954,2025-03-18 19:11:52.334347,CHENNAI,5000,2025-02-01,AI101,10:00:00,BENGALURU,Booked
1002,2025-04-10 09:13:55.741139,CHENNAI,5000,2025-02-01,AI101,10:00:00,BENGALURU,Booked
1003,2025-04-10 09:14:07.506458,CHENNAI,5000,2025-02-01,AI101,10:00:00,BENGALURU,Booked
1004,2025-04-10 09:14:10.692891,CHENNAI,5000,2025-02-01,AI101,10:00:00,BENGALURU,Booked
1005,2025-04-10 09:14:10.922659,CHENNAI,5000,2025-02-01,AI101,10:00:00,BENGALURU,Booked
